Feature_Eliminada,Importancia
finishing,2660981.13561526
shotpower,2063480.1149330842
reactions,1575045.9536121702
crossing,1345168.9232166396
positioning,1081814.6842653155
